Suggested_Lender,applications,Loan_Amount,FICO_score,Monthly_Gross_Income,Monthly_Housing_Payment,Ever_Bankrupt_or_Foreclose,Approved,bounty,Probability_A,Probability_B,Probability_C,EV_A,EV_B,EV_C,Reason,Fico_Score_group,Employment_Status,Employment_Sector
A,1.0,44762.998242331465,655.4110109429041,7000.372285536089,2017.5797471225264,0.03674094233713217,0.1242841753132619,30.095821284799,0.138575749742434,0.05514721522078861,0.16608252363497983,34.64393743560851,19.30152532727601,24.912378545246977,credit_card_refinancing,good,full_time,information_technology
B,1.0,45471.934513865686,758.6429168058804,8209.168476445038,1559.5344136318076,0.0006682258603407952,0.3159037754761109,81.38990978950885,0.3047037430626959,0.31295794420899953,0.43304545673752914,76.17593576567397,109.53528047314984,64.95681851062938,debt_conslidation,good,full_time,information_technology
C,1.0,45312.04273273572,600.8297083433962,5191.632509837906,1572.8516003466352,0.022588114957878137,0.0710602207668594,16.142688695998068,0.06758408564877409,0.03173789663859789,0.1572709624366958,16.896021412193523,11.108263823509263,23.59064436550437,debt_conslidation,fair,full_time,information_technology
