User ID,Reason,FICO_score,Employment_Status,Monthly_Gross_Income,Monthly_Housing_Payment,Ever_Bankrupt_or_Foreclose,Lender,Approved,bounty,Probability_A,Probability_B,Probability_C,EV_A,EV_B,EV_C,Suggested_Lender
00007820-89cb-4c1d-9940-eb270d605a35,cover_an_unexpected_cost,669,full_time,5024,927,0,B,0,0,0.1088240374747335,0.07097976780687598,0.2944228572381969,27.206009368683375,24.842918732406595,44.163428585729534,C
00012b55-514c-421e-9c76-3300abbc1134,credit_card_refinancing,594,full_time,5764,1177,0,B,0,0,0.057939928991397785,0.017327585024208843,0.14760836093036184,14.484982247849446,6.064654758473095,22.141254139554274,C
000157c1-b6a3-4c86-82c7-9ec1bda3799a,home_improvement,596,full_time,4017,1487,0,A,0,0,0.04848868015891141,0.01401248918658698,0.14050562910434944,12.122170039727854,4.904371215305443,21.075844365652415,C
00020400-efab-4b10-8812-2a0aaf774841,home_improvement,642,part_time,3129,904,0,A,0,0,0.05977362999421424,0.02156594294676836,0.14752734591583955,14.94340749855356,7.548080031368926,22.12910188737593,C
0002f737-0cda-48fb-91ed-533f3d0eab05,major_purchase,642,full_time,4220,1620,0,A,0,0,0.07692241585515011,0.03467420032799917,0.2036330471072835,19.230603963787527,12.13597011479971,30.544957066092525,C
00030724-e12e-4902-bd36-f922692dcb1f,other,565,full_time,8061,658,0,C,0,0,0.05111464253316821,0.010390004076202506,0.12706868686785203,12.778660633292054,3.636501426670877,19.060303030177803,C
0004091e-ef33-4feb-9fc2-7da41b1edadd,other,691,full_time,5103,1289,0,A,1,250,0.14408311824123696,0.08438125701904024,0.2732908524930704,36.020779560309236,29.533439956664086,40.993627873960556,C
